pulled_at,pm_races,pm_volume_usd,pm_liquidity_usd,pm_open_interest_usd,ka_races,ka_volume_usd,ka_open_interest_usd,combined_volume_usd,combined_open_interest_usd
2026-05-07T18:51:34Z,24,1161167.34,511068.22,91735.11,13,722983.71,394921.97,1884151.05,486657.08
2026-05-08T13:06:23Z,24,1163494.43,561743.44,90769.01,13,725892.88,396520.91,1889387.31,487289.92
2026-05-09T12:52:09Z,24,1170930.3,549128.14,91201.18,13,735908.37,402136.97,1906838.67,493338.15
2026-05-10T12:53:05Z,24,1173917.23,565253.21,91791.95,13,747398.57,404616.49,1921315.8,496408.44
2026-05-11T14:24:33Z,24,1176891.91,552780.06,90983.13,13,751858.43,407613.9,1928750.34,498597.03
2026-05-12T13:51:41Z,24,1181794.08,239648.84,91198.15,13,756819.81,410377.64,1938613.89,501575.79
2026-05-13T14:04:16Z,24,1191061.07,339847.56,94268.3,13,774660.46,423865.55,1965721.53,518133.85
2026-05-14T13:28:00Z,24,1199048.56,474613.16,95250.62,13,797634.0,444252.86,1996682.56,539503.48
2026-05-15T13:27:17Z,24,1214640.16,235441.3,98032.54,13,802050.25,447779.13,2016690.41,545811.67
2026-05-16T12:56:28Z,24,1217589.19,486606.08,99125.82,13,812421.37,450840.23,2030010.56,549966.05
2026-05-17T12:54:25Z,24,1223355.6,497316.41,98828.01,13,816700.99,453963.08,2040056.59,552791.09
2026-05-18T14:52:46Z,24,1229106.35,540457.14,99175.9,13,821998.44,457191.3,2051104.79,556367.2
2026-05-19T14:33:58Z,24,1232358.78,517076.39,101062.71,13,829249.31,459100.01,2061608.09,560162.72
2026-05-20T14:32:57Z,24,1236739.16,528215.3,102572.51,13,839021.1,467568.19,2075760.26,570140.7
2026-05-21T14:38:48Z,24,1240440.52,527574.47,103157.46,13,849807.91,475585.81,2090248.43,578743.27
2026-05-22T14:13:35Z,24,1257198.83,463352.56,116450.83,13,904296.26,517425.16,2161495.09,633875.99
2026-05-23T12:57:42Z,24,1259419.79,543018.81,115585.9,13,908796.71,519364.67,2168216.5,634950.57
2026-05-24T12:57:51Z,24,1263271.63,567270.18,114180.67,13,924562.44,515690.36,2187834.07,629871.03
2026-05-25T14:31:32Z,24,1272822.66,610549.94,117629.65,13,927487.73,516643.0,2200310.39,634272.65
2026-05-26T14:38:41Z,24,1279999.21,566019.3,116810.78,13,929416.02,516965.41,2209415.23,633776.19
2026-05-27T14:52:58Z,24,1281476.41,545565.29,117306.89,13,940631.95,520311.36,2222108.36,637618.25
2026-05-28T15:25:00Z,24,1282968.84,577225.37,118153.13,13,965929.71,539910.75,2248898.55,658063.88
2026-05-29T14:37:22Z,25,1291073.6,386334.28,119519.59,13,976520.7,545606.26,2267594.3,665125.85
2026-05-30T13:00:47Z,25,1301675.95,596918.84,125022.13,13,988452.66,555131.06,2290128.61,680153.19
2026-05-31T13:11:28Z,25,1305110.21,615250.69,124552.2,13,990215.55,556225.89,2295325.76,680778.09
2026-06-01T17:14:52Z,25,1316792.76,764734.83,125905.19,13,1061018.71,565347.0,2377811.47,691252.19
2026-06-02T15:57:12Z,25,1321001.56,708428.36,123457.95,13,1079712.8,574864.71,2400714.36,698322.66
2026-06-03T16:15:04Z,25,1330545.19,155928.82,125415.31,13,1120248.57,588273.32,2450793.76,713688.63
2026-06-04T14:32:15Z,25,1334433.65,664382.57,125713.78,13,1137391.33,590476.87,2471824.98,716190.65
2026-06-05T14:23:00Z,25,1343361.1,437911.2,125173.87,13,1153810.71,587492.2,2497171.81,712666.07
2026-06-06T13:05:48Z,25,1346308.47,408596.88,126867.86,13,1166514.54,591350.56,2512823.01,718218.42
2026-06-07T13:18:34Z,25,1351199.92,562563.48,129630.17,13,1176155.4,594179.38,2527355.32,723809.55
2026-06-08T15:25:53Z,25,1354155.24,537816.18,129188.52,13,1190507.95,606851.48,2544663.19,736040.0
2026-06-09T14:20:19Z,25,1362812.19,586575.05,129408.96,13,1199587.76,608093.06,2562399.95,737502.02
2026-06-10T14:50:22Z,25,1373667.07,532993.75,131040.24,13,1213992.51,617177.33,2587659.58,748217.57
2026-06-11T15:32:26Z,25,1381006.79,579103.58,130768.11,13,1217811.55,620411.66,2598818.34,751179.77
2026-06-12T14:31:52Z,25,1387063.61,639299.55,130995.96,13,1229982.46,631473.04,2617046.07,762469.0
2026-06-13T13:22:45Z,25,1387577.02,544407.35,131029.23,13,1240125.9,640133.46,2627702.92,771162.69
2026-06-14T13:25:59Z,25,1387992.66,432802.2,131448.2,13,1246340.64,644052.66,2634333.3,775500.86
2026-06-15T16:53:58Z,25,1391669.4,400998.14,132613.23,13,1276964.72,660325.83,2668634.12,792939.06
2026-06-16T16:21:01Z,25,1394234.25,399917.06,134239.9,13,1291906.24,665287.98,2686140.49,799527.88
2026-06-19T14:40:41Z,25,1398233.15,448999.19,133484.96,13,1324747.17,675901.47,2722980.32,809386.43
2026-06-20T13:24:53Z,25,1399975.74,493958.9,133742.17,13,1339682.93,683491.95,2739658.67,817234.12
2026-06-21T13:46:04Z,25,1405395.15,368206.5,135414.1,13,1347436.81,689859.71,2752831.96,825273.81
2026-06-22T16:25:49Z,25,1407885.5,461907.73,136897.1,13,1365019.98,693064.43,2772905.48,829961.53
2026-06-23T14:24:24Z,25,1412351.36,527011.01,138232.82,13,1402249.06,708388.85,2814600.42,846621.67
2026-06-24T14:04:07Z,25,1416258.7,906585.87,139281.02,13,1441377.64,727830.4,2857636.34,867111.42
2026-06-25T14:00:50Z,25,1435486.4,1126211.65,142338.0,13,1464251.3,741576.69,2899737.7,883914.69
2026-06-26T14:00:22Z,25,1464406.11,1175801.67,152988.04,13,1518437.21,773822.12,2982843.32,926810.16
2026-06-27T13:06:16Z,25,1470775.27,1301100.15,151347.83,13,1533561.16,781848.47,3004336.43,933196.3
2026-06-28T13:12:45Z,25,1494294.63,1378682.65,155258.35,13,1562545.49,793037.93,3056840.12,948296.28
2026-06-29T15:28:05Z,25,1505326.93,1347968.88,158293.21,13,1631530.16,847595.39,3136857.09,1005888.6
2026-06-30T13:52:52Z,25,1517210.83,1488006.6,160040.89,13,1640659.67,852005.31,3157870.5,1012046.2
2026-07-01T14:05:13Z,25,1544919.96,1261853.92,168482.2,13,1659985.99,850253.25,3204905.95,1018735.45
2026-07-02T13:27:18Z,25,1554560.91,1250225.51,169793.1,13,1706715.84,864554.85,3261276.75,1034347.95
2026-07-03T13:39:27Z,25,1564391.05,1229854.22,174651.04,13,1720520.09,871080.91,3284911.14,1045731.95
2026-07-04T12:57:19Z,25,1576093.28,1288941.44,174592.59,13,1738575.43,877973.22,3314668.71,1052565.81
2026-07-05T13:04:47Z,25,1583623.96,1386836.84,178231.32,13,1752903.07,887256.01,3336527.03,1065487.33
2026-07-06T14:55:46Z,25,1630992.29,1327722.07,198518.88,13,1939027.45,935112.7,3570019.74,1133631.58
2026-07-07T14:04:04Z,26,1661249.11,1461370.73,204396.68,13,1997002.8,960448.33,3658251.91,1164845.01
2026-07-08T13:27:55Z,26,1700327.3,1506921.96,224282.84,13,2121623.51,1034083.56,3821950.81,1258366.4
2026-07-09T14:28:08Z,30,1738508.5,1616926.18,237104.64,13,2207516.16,1092119.12,3946024.66,1329223.76
2026-07-10T13:55:33Z,32,1745145.17,1654370.12,238251.71,13,2244201.42,1108690.63,3989346.59,1346942.34
2026-07-11T12:52:30Z,32,1755523.15,1642966.33,238155.4,13,2279237.37,1125887.84,4034760.52,1364043.24
2026-07-12T12:53:16Z,32,1776808.76,1559326.74,246393.8,13,2304515.19,1134592.4,4081323.95,1380986.2
2026-07-13T14:01:36Z,32,1790784.25,1549354.15,249537.02,13,2328020.93,1138501.53,4118805.18,1388038.55
2026-07-14T13:04:21Z,32,1816978.57,1521974.45,266755.44,13,2370419.13,1163179.4,4187397.7,1429934.84
2026-07-15T13:08:00Z,32,1858925.08,1477761.76,277396.63,13,2604380.59,1190544.5,4463305.67,1467941.13
2026-07-16T13:16:44Z,32,1905454.43,1545446.31,293061.27,13,2731796.1,1233397.27,4637250.53,1526458.54
2026-07-17T13:01:23Z,32,1933813.65,1605141.03,302586.16,13,2789574.54,1260912.45,4723388.19,1563498.61
2026-07-18T12:48:07Z,32,1954730.84,1552610.71,308386.61,13,2893913.06,1310240.94,4848643.9,1618627.55
2026-07-19T12:51:28Z,32,1970817.7,1322045.85,314543.69,13,2973268.05,1372351.73,4944085.75,1686895.42
2026-07-20T13:45:53Z,32,1979401.99,1580438.93,316123.9,13,3046286.27,1426738.7,5025688.26,1742862.6
2026-07-21T13:14:06Z,34,2079253.79,1406181.1,372130.59,13,3434834.72,1716761.43,5514088.51,2088892.02
2026-07-22T13:19:06Z,35,2160683.23,1384848.04,410475.19,13,3687365.61,1867262.06,5848048.84,2277737.25
2026-07-23T13:21:31Z,35,2201105.31,1402451.75,427695.39,13,3747445.98,1913176.1,5948551.29,2340871.49
2026-07-24T13:15:18Z,35,2249699.81,1393690.19,441963.61,13,3830080.94,1978699.9,6079780.75,2420663.51
2026-07-25T12:57:42Z,35,2368272.81,1412337.38,494348.31,13,4261680.44,2195888.37,6629953.25,2690236.68
2026-07-26T12:55:20Z,35,2443490.0,1658152.07,528608.3,13,4436934.37,2274773.2,6880424.37,2803381.5
2026-07-27T14:07:58Z,36,2518437.62,1681893.12,561000.14,13,4657621.97,2401884.07,7176059.59,2962884.21
2026-07-28T13:27:56Z,37,2552506.03,1541748.89,570626.33,13,4853153.07,2536809.97,7405659.1,3107436.3
2026-07-29T13:42:41Z,39,2757311.05,1739740.64,631605.08,13,5353111.9,2743895.58,8110422.95,3375500.66
2026-07-30T13:24:26Z,39,3058413.72,2083347.05,778783.29,13,6210731.2,3151363.32,9269144.92,3930146.61
2026-07-31T13:28:38Z,39,3278789.95,2444850.12,852219.78,13,6899975.55,3547438.86,10178765.5,4399658.64
2026-08-01T12:53:49Z,39,3441827.49,2341060.56,933277.31,13,7388048.6,3877012.71,10829876.09,4810290.02
2026-08-02T12:55:12Z,39,3641167.69,2574786.15,1064325.53,13,7927033.94,4314196.1,11568201.63,5378521.63
2026-08-03T14:12:52Z,39,3805311.08,2622063.98,1166401.82,13,8359983.64,4620756.37,12165294.72,5787158.19
2026-08-04T13:44:11Z,39,4307754.87,2460803.05,1546576.29,13,10944403.93,6677914.48,15252158.8,8224490.77
2026-08-05T13:39:59Z,41,8026433.65,1459323.02,2703471.95,13,31497378.27,12624948.0,39523811.92,15328419.95
2026-08-06T13:38:30Z,42,8357679.14,574042.45,2833800.51,13,55482.17,20960.89,8413161.31,2854761.4
2026-08-07T12:37:44Z,42,8370727.55,569076.12,2836475.92,13,55482.17,20960.89,8426209.72,2857436.81
2026-08-08T12:23:22Z,42,8389278.31,547128.36,2850451.09,13,56374.66,21840.28,8445652.97,2872291.37
2026-08-09T12:25:47Z,42,8394060.28,580417.85,2849870.3,13,56374.66,21840.28,8450434.94,2871710.58
2026-08-10T12:41:36Z,42,8416683.85,663115.62,2854548.82,13,56420.26,21853.28,8473104.11,2876402.1
2026-08-11T12:38:21Z,55,8429200.13,593615.21,2857370.96,13,58563.12,21857.13,8487763.25,2879228.09
2026-08-12T12:41:15Z,56,8456557.62,696340.92,2879026.02,13,59190.73,22394.74,8515748.35,2901420.76
2026-08-13T12:42:32Z,56,8474933.61,662300.92,2878275.01,13,59255.73,22441.74,8534189.34,2900716.75
2026-08-14T12:38:22Z,56,8528846.1,668651.71,2897360.53,13,59355.73,22341.74,8588201.83,2919702.27
2026-08-15T12:15:25Z,56,8571207.29,689804.93,2905714.95,13,59591.26,22354.03,8630798.55,2928068.98
2026-08-16T12:16:15Z,56,8586936.81,668729.79,2915077.6,13,59591.26,22354.03,8646528.07,2937431.63
2026-08-17T12:19:46Z,56,8607438.83,678461.87,2914422.64,13,59591.26,22354.03,8667030.09,2936776.67
2026-08-18T12:21:16Z,56,8631518.81,686449.62,2919102.27,13,59591.26,22354.03,8691110.07,2941456.3
2026-08-19T12:21:24Z,57,8653813.84,540548.16,2923281.61,13,59833.28,22352.03,8713647.12,2945633.64
2026-08-20T12:23:40Z,57,8672940.55,791023.9,2925618.58,13,60237.39,22756.14,8733177.94,2948374.72
